atlaspay_token,customer_id,payment_method_id,pan,exp_month,exp_year
atp_tok_eNo41eoPni6J,CUST-0001,PM-0001,378282246310005,1,2027
atp_tok_yv1plBArp5B1,CUST-0002,PM-0002,4000056655665556,1,2026
atp_tok_ay5WrRTWPEln,CUST-0003,PM-0003,5200828282828210,7,2027
atp_tok_elKPoh3pKMzK,CUST-0004,PM-0004,2223003122003222,9,2026
atp_tok_C99enq522wjZ,CUST-0005,PM-0005,4242424242424242,1,2026
atp_tok_rnvQ0Fp4dNZc,CUST-0006,PM-0006,378282246310005,5,2027
atp_tok_cwIAcw58cwQP,CUST-0007,PM-0007,371449635398431,9,2027
atp_tok_1YqWg21nYCsX,CUST-0008,PM-0008,4000056655665556,11,2029
atp_tok_2qJ8cKvWB9h3,CUST-0009,PM-0009,4000056655665556,2,2026
atp_tok_ePut0Sstzysh,CUST-0010,PM-0010,2223003122003222,7,2028
atp_tok_D3XkfFNuYUPn,CUST-0011,PM-0011,4000056655665556,9,2027
atp_tok_nXRCI4hiCGIt,CUST-0012,PM-0012,4000056655665556,7,2026
atp_tok_oBSou3ejxjnz,CUST-0013,PM-0013,5200828282828210,11,2029
atp_tok_avU07zUHLnnB,CUST-0014,PM-0014,5555555555554444,8,2029
atp_tok_NiCdxnuVxUZp,CUST-0015,PM-0015,4242424242424242,2,2026
atp_tok_RVkLUhY7gbtP,CUST-0016,PM-0016,371449635398431,8,2027
atp_tok_HPeOaAEAw3Cj,CUST-0017,PM-0017,4242424242424242,6,2026
atp_tok_Zf2pCLxb0lnX,CUST-0018,PM-0018,5200828282828210,4,2028
atp_tok_SBbszpPwIv9I,CUST-0019,PM-0019,4000056655665556,11,2029
atp_tok_swsRhcds6NUg,CUST-0020,PM-0020,4000056655665556,4,2026
atp_tok_eNdjIs9hVLXn,CUST-0021,PM-0021,4000056655665556,8,2029
atp_tok_OjkeaBKsoRRC,CUST-0022,PM-0022,5555555555554444,5,2027
atp_tok_UJrhQR6FEecA,CUST-0023,PM-0023,4242424242424242,10,2028
atp_tok_DO4lKNEfvuP1,CUST-0024,PM-0024,4000056655665556,3,2026
atp_tok_Za1CdGMEBdqi,CUST-0025,PM-0025,4242424242424242,9,2029
atp_tok_5sRzDDCilLUi,CUST-0026,PM-0026,4000056655665556,8,2027
atp_tok_HvIHCtlRJoWc,CUST-0027,PM-0027,4242424242424242,8,2027
atp_tok_GCSzOjD8uQO0,CUST-0028,PM-0028,4000056655665556,2,2029
atp_tok_f8VRgksbudwA,CUST-0029,PM-0029,4242424242424242,12,2027
atp_tok_CppaX3QjBvKN,CUST-0030,PM-0030,5200828282828210,4,2027
atp_tok_ya1W84UZ3WoX,CUST-0031,PM-0031,4000056655665556,11,2026
atp_tok_Wcwi4uzmW2wF,CUST-0032,PM-0032,378282246310005,5,2026
atp_tok_wXaHCPPKY6go,CUST-0033,PM-0033,378282246310005,9,2029
atp_tok_i6sEg3iCPU6z,CUST-0034,PM-0034,2223003122003222,2,2029
atp_tok_r86ZfnN8du9W,CUST-0035,PM-0035,4242424242424242,7,2026
atp_tok_wWKaqhAhdBwK,CUST-0036,PM-0036,371449635398431,1,2027
atp_tok_0AgSB3tjhMKS,CUST-0037,PM-0037,4000056655665556,8,2026
atp_tok_BovCzfAPxj5e,CUST-0038,PM-0038,2223003122003222,7,2027
atp_tok_hvPU1S8LvJnO,CUST-0039,PM-0039,2223003122003222,11,2028
atp_tok_5ZqlRtva1Jyi,CUST-0040,PM-0040,2223003122003222,10,2026
atp_tok_jUdfBALznFvg,CUST-0041,PM-0041,5200828282828210,1,2026
atp_tok_VVrhEAiHoIPv,CUST-0042,PM-0042,371449635398431,4,2028
atp_tok_k6CQwBgBye1U,CUST-0043,PM-0043,4000056655665556,6,2026
atp_tok_gpkjVe6MCIJQ,CUST-0044,PM-0044,5555555555554444,4,2027
atp_tok_CdZe11MFCIX3,CUST-0045,PM-0045,4000056655665556,8,2028
atp_tok_OcR9GLw4yWQd,CUST-0046,PM-0046,5555555555554444,9,2026
atp_tok_RfINuhR694fP,CUST-0047,PM-0047,4242424242424242,10,2027
atp_tok_ixkZVYkBzPoB,CUST-0048,PM-0048,4000056655665556,10,2028
atp_tok_ipN2Ig00rVq4,CUST-0049,PM-0049,4242424242424242,10,2027
atp_tok_b50OXirZRiRB,CUST-0050,PM-0050,378282246310005,4,2028
atp_tok_hoNMdZEHNJSs,CUST-0051,PM-0051,4000056655665556,5,2027
atp_tok_2cxxUweoOgKU,CUST-0052,PM-0052,5200828282828210,7,2026
atp_tok_S6cmX2ttyYDc,CUST-0053,PM-0053,4000000000000010,2,2027
atp_tok_8EE5GXTeLYHt,CUST-0054,PM-0054,4000056655665556,6,2029
atp_tok_NXdPzFUjb0QB,CUST-0055,PM-0055,2223003122003222,5,2029
atp_tok_wtr7blG4hWRn,CUST-0056,PM-0056,4242424242424242,9,2027
atp_tok_eH30S5NXFhmi,CUST-0057,PM-0057,5555555555554444,12,2028
atp_tok_9SGVZe8NBQv2,CUST-0058,PM-0058,5555555555554444,7,2028
atp_tok_m7rMMfNKKkM3,CUST-0059,PM-0059,5555555555554444,5,2026
atp_tok_3HNspYzCQjzC,CUST-0060,PM-0060,2223003122003222,8,2026
atp_tok_1z73Y5Slj9C2,CUST-0061,PM-0061,4000056655665556,7,2028
atp_tok_agiqwzcdIwrx,CUST-0062,PM-0062,4000056655665556,9,2028
atp_tok_LyccSXGj3i5t,CUST-0063,PM-0063,4242424242424242,4,2027
atp_tok_P8KXSQbD7WWJ,CUST-0064,PM-0064,4000056655665556,6,2028
atp_tok_FLD0TRGI9Dx7,CUST-0065,PM-0065,4242424242424242,7,2027
atp_tok_In8srmRtv5Xq,CUST-0066,PM-0066,4242424242424242,5,2027
atp_tok_OUnZqIqgTod4,CUST-0067,PM-0067,4000056655665556,8,2028
atp_tok_m7tO4fJHS64k,CUST-0068,PM-0068,371449635398431,11,2029
atp_tok_9HE60DlgkCpl,CUST-0069,PM-0069,4242424242424242,8,2028
atp_tok_D6axBquKJqwo,CUST-0070,PM-0070,4000056655665556,3,2027
atp_tok_MnijULzIDHPn,CUST-0071,PM-0071,4000000000000069,4,2023
atp_tok_uGhmKfFYCFCd,CUST-0072,PM-0072,4242424242424242,3,2027
atp_tok_9DrliNT7x3B4,CUST-0073,PM-0073,5555555555554444,2,2026
atp_tok_8CSAxoCjl2Vb,CUST-0074,PM-0074,4000056655665556,1,2026
atp_tok_on1dFrYTtLPt,CUST-0075,PM-0075,4000056655665556,8,2029
atp_tok_E86PWtzjxUD0,CUST-0076,PM-0076,5555555555554444,9,2029
atp_tok_eBxHZdxLceXK,CUST-0077,PM-0077,378282246310005,11,2028
atp_tok_9DpLm4IWxHwq,CUST-0078,PM-0078,5200828282828210,12,2026
atp_tok_moJpI6uVESTC,CUST-0079,PM-0079,4242424242424242,3,2028
atp_tok_z0oRaFxMPMDE,CUST-0080,PM-0080,2223003122003222,1,2026
atp_tok_GoMpvXe7CpRs,CUST-0081,PM-0081,5555555555554444,2,2026
atp_tok_n13Dce53Ic5t,CUST-0082,PM-0082,4000000000000069,9,2023
atp_tok_i9SF8dBZvV7y,CUST-0083,PM-0083,5555555555554444,12,2029
atp_tok_VspeqxWjywf6,CUST-0084,PM-0084,5200828282828210,2,2029
atp_tok_ILW1azWSI9pG,CUST-0085,PM-0085,4000056655665556,6,2026
atp_tok_6SEMCiay0x1B,CUST-0086,PM-0086,4000056655665556,5,2028
atp_tok_xYyhIKHQI7CR,CUST-0087,PM-0087,4000056655665556,6,2027
atp_tok_BLKH51zc8RYK,CUST-0088,PM-0088,4000056655665556,2,2029
atp_tok_yVKFvbgz7h6i,CUST-0089,PM-0089,4000056655665556,6,2029
atp_tok_Yh0OPk9pkjI7,CUST-0090,PM-0090,4000056655665556,1,2028
atp_tok_luCq1GNLLKv0,CUST-0091,PM-0091,5555555555554444,9,2026
atp_tok_yKJAEH45kkrl,CUST-0092,PM-0092,378282246310005,9,2027
atp_tok_0EfbVsrHkCUV,CUST-0093,PM-0093,4242424242424242,12,2029
atp_tok_gZUs9BvYB9Wo,CUST-0094,PM-0094,4000056655665556,7,2027
atp_tok_rHuRrq19Qf7W,CUST-0095,PM-0095,378282246310005,9,2028
atp_tok_CN2fFr6w6uaV,CUST-0096,PM-0096,4000056655665556,7,2029
atp_tok_uJJEvQdgWCh1,CUST-0097,PM-0097,4242424242424242,5,2028
atp_tok_x4kysRoORaDi,CUST-0098,PM-0098,4242424242424242,2,2028
atp_tok_Tgt2iVUi9iGa,CUST-0099,PM-0099,4242424242424242,2,2029
atp_tok_ihTvAXpNpLSr,CUST-0100,PM-0100,5200828282828210,2,2026
